file,sha256,sample_rate,channels,duration_seconds,direct_arrival_seconds_mono,decay_minus20_seconds_mono,decay_minus30_seconds_mono,decay_minus60_seconds_mono,min_channel_minus60_seconds,max_channel_minus60_seconds,spectral_centroid_hz,peak_dbfs
Nikolauskapelle_Source1_BRIR/S1-Do_R1.wav,3b235d106febae979de60d2efa74bd830565570efe122f664670d3687635c06a,48000,4,10.0,0.0077083333333333335,0.8710416666666667,1.5978333333333334,9.964895833333333,9.899979166666666,9.937166666666666,1651.339521024342,0.0
Nikolauskapelle_Source1_BRIR/S1-Do_R10.wav,e6adbfc747ad6e6324f4f3b51708cdff0ac4e97658d8f5b0f7bb6b445541b9c1,48000,4,10.0,0.011208333333333334,0.8078333333333333,1.50475,9.695520833333333,9.732166666666666,9.777875,1700.6103937968212,0.0
Nikolauskapelle_Source1_BRIR/S1-Do_R11.wav,587fe66eb633d48841da258e951fa29772dd6e8a77526dcbd5fc932af6ff1f4a,48000,4,10.0,0.021125,1.0578958333333333,1.7655625,9.654229166666667,9.611354166666667,9.693145833333332,1648.4195805610245,0.0
Nikolauskapelle_Source1_BRIR/S1-Do_R12.wav,b0df0cf359e3242b5c2c3c7215bb793e175b33391b59172c9c7c28d7c386f0e7,48000,4,10.0,0.0271875,1.0973125,1.7982083333333334,9.56835416666667,9.4503125,9.580166666666667,1672.916667727208,0.0
Nikolauskapelle_Source1_BRIR/S1-Do_R13.wav,84da1d8caa575c34b216e0f64841ca44b7de5604517ba357ee839e84bb397d14,48000,4,10.0,0.014,0.9402916666666666,1.625875,9.758229166666666,9.695958333333333,9.8424375,1613.5914450680007,0.0
Nikolauskapelle_Source1_BRIR/S1-Do_R14.wav,5e08cd038888ab21931ce89f17d9a8d459a4c0ba895cff3e8bfe4ac108b2a08d,48000,4,10.0,0.0179375,1.0183541666666667,1.7250833333333333,9.0345625,8.936666666666667,9.4115,1640.4097856587503,0.0
Nikolauskapelle_Source1_BRIR/S1-Do_R15.wav,51a30e9c628544a2e791f999f24fa738ce85fdc74571e2295465b477891bfe67,48000,4,10.0,0.02027083333333333,1.045625,1.7658958333333334,9.25325,9.223729166666667,9.4508125,1623.0549175143017,0.0
Nikolauskapelle_Source1_BRIR/S1-Do_R16.wav,6d7d8c7fa64b1ba0f94ef05c8cf9b0be87bfbbce0ba1fb0b71a7cfa3ba76644d,48000,4,10.0,0.027458333333333335,1.0883333333333334,1.806729166666667,9.50129166666667,9.494916666666667,9.5800625,1681.8970108818312,0.0
Nikolauskapelle_Source1_BRIR/S1-Do_R17.wav,0f91332dc07f69edd25fbb94998f75da659261035433979809b43a019016b2a7,48000,4,10.0,0.036166666666666666,1.1254583333333332,1.9135833333333334,9.9305,9.898333333333333,9.9413125,1607.446827401705,0.0
Nikolauskapelle_Source1_BRIR/S1-Do_R18.wav,67e167a17f9d47c1ddd0aedf816320c36f9d9608540c7741eb072ae5bb991ff6,48000,4,10.0,0.034291666666666665,1.0853125,1.8088541666666667,9.673875,9.686104166666667,9.760291666666667,1688.0543326944432,0.0
Nikolauskapelle_Source1_BRIR/S1-Do_R19.wav,7a0b0fb8dd8cfb14d203260a0b75955049c2893f216599f52db301f11d01811a,48000,4,10.0,0.034,1.0324166666666668,1.7601666666666667,9.568375,9.580916666666667,9.7218125,1676.0086398196656,0.0
Nikolauskapelle_Source1_BRIR/S1-Do_R2.wav,ff281c5e691038747ecd1549a6ccc51b658e3e2253c922e90d3f3d168fe4d17e,48000,4,10.0,0.011229166666666667,0.9703958333333333,1.7604583333333332,9.951,9.918333333333333,9.9395625,1686.623837170794,0.0
Nikolauskapelle_Source1_BRIR/S1-Do_R20.wav,1c3d980558e56a4331ce080b49214e5bab856185cc36568ee7c1ef84ae8f10b4,48000,4,10.0,0.03791666666666667,1.0646666666666667,1.7734791666666667,9.092270833333334,9.0405,9.456229166666667,1680.494278306919,0.0
Nikolauskapelle_Source1_BRIR/S1-Do_R21.wav,9d35826cd6aa533ade2df19c3f334e99d53982213649f03d27d17683f27c8e6d,48000,4,10.0,0.03835416666666667,1.0712083333333333,1.7811875,9.62975,9.627208333333334,9.716104166666666,1715.3533271930228,0.0
Nikolauskapelle_Source1_BRIR/S1-Do_R22.wav,8a5ddde3b18c987901df38b1ef609e0fc6334f57cd969df4a3b11c3ee4d2d234,48000,4,10.0,0.020291666666666666,0.9040833333333333,1.6102083333333332,9.727083333333333,9.7365,9.812229166666667,1724.4014915024882,0.0
Nikolauskapelle_Source1_BRIR/S1-Do_R23.wav,0bf5871bed261e66a02cf9990c340c84aa5eeb13db6773c188f445b2dd5e1200,48000,4,10.0,0.020791666666666667,0.9726875,1.6812916666666666,9.415645833333333,9.149333333333333,9.684354166666667,1708.9362861973977,0.0
Nikolauskapelle_Source1_BRIR/S1-Do_R3.wav,270d9799295db60fbaef495a18d183f049f07b92633413df2fc9c55c684095b5,48000,4,10.0,0.0198125,1.074375,1.7875416666666666,9.907979166666667,9.879229166666667,9.9215,1668.5963175356287,0.0
Nikolauskapelle_Source1_BRIR/S1-Do_R4.wav,fe4849a425129377f2f6c509cdd7cdbd3897b62cab14e1b09467df384800dae5,48000,4,10.0,0.026270833333333334,1.0893958333333333,1.8154583333333334,9.890166666666667,9.881020833333332,9.91375,1667.4808996724553,0.0
Nikolauskapelle_Source1_BRIR/S1-Do_R6.wav,75aa257739891ab33aa422f320af42964015bb29861f85e52c2b4fcaf502d7fb,48000,4,10.0,0.009375,0.7163125,1.4244375,9.621145833333333,9.576125,9.8215,1639.6339078673448,0.0
Nikolauskapelle_Source1_BRIR/S1-Do_R7.wav,873e30f87f9cb05a02322902c9fe3e41f59f7b80013b81e32139944a243b0f85,48000,4,10.0,0.019,1.0431041666666667,1.7773541666666666,9.883791666666667,9.842104166666667,9.908083333333334,1650.9063631014794,0.0
Nikolauskapelle_Source1_BRIR/S1-Do_R8.wav,ee72847e922882fd220fe41138933a810d01e63b3ec54bc2315afa69b25e3095,48000,4,10.0,0.025729166666666668,1.0982916666666667,1.8682916666666667,9.8244375,9.794333333333332,9.838416666666667,1660.8036163267593,0.0
Nikolauskapelle_Source1_BRIR/S1-Do_R9.wav,70d4d12f8050e1ac8904f8804f0317f6ef8756c217534ffd40b7faba14bce4db,48000,4,10.0,0.009583333333333333,0.772125,1.4764583333333334,9.614354166666667,9.6575625,9.8025,1672.0721817178505,0.0
Nikolauskapelle_Source2_BRIR/S2-Do_R1.wav,346b0906d08b3d1e129cda25094e18a53976f8071006a634820c21bc3f1bab49,48000,4,10.0,0.0174375,0.8578125,1.5414166666666667,6.475,6.810208333333334,8.591625,1677.0177900468975,0.0
Nikolauskapelle_Source2_BRIR/S2-Do_R10.wav,3d854ba748bbba007f91c611df92acfb8826808cc480a57e98aa7eabd82f352f,48000,4,6.0,0.033729166666666664,1.1034791666666666,1.8134583333333334,4.504541666666666,4.5843125,4.999583333333334,1627.3773406135033,0.0
Nikolauskapelle_Source2_BRIR/S2-Do_R11.wav,f32c16ce77a48f8f119cf03818fb4e63d4322244fe553aaf2c266477599212f5,48000,4,6.0,0.035291666666666666,1.1465208333333334,1.8482083333333332,5.19425,5.4316458333333335,5.576604166666667,1643.0866236017546,0.0
Nikolauskapelle_Source2_BRIR/S2-Do_R12.wav,51350345ae2fb60018a145e7ce32cae6d31653888ac96b8be5cfdf222b69729d,48000,4,6.0,0.03827083333333333,1.1729791666666667,1.9064166666666666,4.9277291666666665,4.873958333333333,5.174333333333333,1640.9483325014705,0.0
Nikolauskapelle_Source2_BRIR/S2-Do_R2.wav,9064f58e58d8c843facd6f2fdc856dfff2b174b478f58c45684701729a4eb500,48000,4,10.0,0.018083333333333333,0.8892083333333334,1.5925416666666667,6.331583333333334,6.854229166666666,8.578145833333334,1652.6342277049441,0.0
Nikolauskapelle_Source2_BRIR/S2-Do_R3.wav,8d982b53eefde2d3f0777c5d8bb5ff9d02625bcd63e21e2b2aaaa588cd981418,48000,4,10.0,0.03370833333333333,1.0857916666666667,1.80325,9.171625,9.284708333333333,9.502604166666666,1685.4954151917564,0.0
Nikolauskapelle_Source2_BRIR/S2-Do_R4.wav,205b54afe5c88e1459f13b87de4f93f44ecb6c52aa970b0fb6fd241c0f32218e,48000,4,10.0,0.025854166666666668,1.0552916666666667,1.766375,8.083041666666666,8.2429375,8.946833333333334,1611.0549174381533,0.0
Nikolauskapelle_Source2_BRIR/S2-Do_R5.wav,a7bada29bb25ac93002229a3b91d8391e0b581184291b38535826aacd547b6fb,48000,4,7.0,0.0239375,0.99275,1.7197083333333334,5.1613541666666665,5.3471875,6.2123333333333335,1669.5035050497447,0.0
Nikolauskapelle_Source2_BRIR/S2-Do_R6.wav,329d089048d3a67cf3714734ad9ae52123de5a05f419582c6f8c46c18b6da592,48000,4,6.0,0.024625,0.9879791666666666,1.7013541666666667,4.668729166666667,5.0405,5.393833333333333,1644.4452182838693,0.0
Nikolauskapelle_Source2_BRIR/S2-Do_R7.wav,81c749021f2e361627185eb5d8b362e4f480cc1181e7b8a3f76d806c934282b5,48000,4,6.0,0.025145833333333333,1.0655208333333333,1.7896875,4.482729166666667,4.566770833333333,4.9351666666666665,1663.7368006972072,0.0
Nikolauskapelle_Source2_BRIR/S2-Do_R8.wav,9fdcf8028d5c95b21077ff3a26f54931783bc3646002db8059378f98faad4c3a,48000,4,6.0,0.029354166666666667,1.1136458333333332,1.8293958333333333,4.651166666666667,4.719458333333334,5.13075,1648.9575705250686,0.0
Nikolauskapelle_Source2_BRIR/S2-Do_R9.wav,64aaef04c10d7a080b603d2d96ae4668b676cd48ece7a71350ce0477423c2bc0,48000,4,6.0,0.033291666666666664,1.1214375,1.85725,4.538895833333333,4.589979166666667,5.018666666666666,1654.206585724453,0.0
Nikolauskapelle_Source3_BRIR/S3-Do_R1.wav,4e0057a11eb54b5d3b3f8599837e1d7b1a404c7ab7b0e5bc4ae693b55f554e12,48000,4,6.0,0.07854166666666666,1.3565,2.0750416666666665,5.656833333333333,5.592625,5.6767916666666665,1654.6586692538892,0.0
Nikolauskapelle_Source3_BRIR/S3-Do_R10.wav,a83799dac61e1808b76e194d8dfeb2cbc83bda0a3d589e4788327dcfdb43786d,48000,4,6.0,0.0929375,1.3039791666666667,2.0231458333333334,5.6870416666666666,5.637145833333333,5.704979166666667,1662.1039684041898,0.0
Nikolauskapelle_Source3_BRIR/S3-Do_R11.wav,be252173e3560f55d7d57e74d0f5c18ab65abed238153236470891d5809e16e5,48000,4,6.0,0.09627083333333333,1.3397708333333334,2.16625,5.8836875,5.64875,5.853229166666667,1685.9181599896592,0.0
Nikolauskapelle_Source3_BRIR/S3-Do_R12.wav,6017d68c2f453bcf4e820dfde672b7ba626fbc7acf17f8134656f6cce72e1cdc,48000,4,6.0,0.09141666666666666,1.3012708333333334,2.0559583333333333,5.4105625,5.403708333333333,5.547791666666667,1659.137655920891,0.0
Nikolauskapelle_Source3_BRIR/S3-Do_R2.wav,d60a1716dd0202db2eef24ace06bb89ad7cfeb8fa5772bb2c63b9d19090fb66c,48000,4,6.0,0.10122916666666666,1.3381666666666667,2.0527083333333334,5.309520833333333,5.1981875,5.478208333333333,1626.6231991905765,0.0
Nikolauskapelle_Source3_BRIR/S3-Do_R3.wav,58ddbc705c27c51a7e2fe6c97e39616523dfee34431e84d1e5d96d44669ef91d,48000,4,6.0,0.0863125,1.3535625,2.089770833333333,5.343354166666667,5.310708333333333,5.428041666666667,1655.4659804809098,0.0
Nikolauskapelle_Source3_BRIR/S3-Do_R4.wav,6b4fccaa724eaccaa7a01cbaaa19a559592d3afa6bbab2864fe89d889a6c11e2,48000,4,6.0,0.10985416666666667,1.3607291666666668,2.0938125,5.3484791666666665,5.307,5.428958333333333,1683.211559993559,0.0
Nikolauskapelle_Source3_BRIR/S3-Do_R5.wav,63b159301c3b125ecf809a422183308d0a5739b570adb0a0035963e797a31648,48000,4,6.0,0.11147916666666667,1.3407916666666666,2.0659375,5.4042916666666665,5.284125,5.4701875,1679.7423294008943,0.0
Nikolauskapelle_Source3_BRIR/S3-Do_R6.wav,821a3e9260c06e03563d03bfda6b36c2b10cedd3e5869554e37d7fd07e242a15,48000,4,6.0,0.0875625,1.3240833333333333,2.057375,5.830354166666667,5.789645833333333,5.83025,1678.5828105988578,0.0
Nikolauskapelle_Source3_BRIR/S3-Do_R7.wav,43929c24f6f61fe7bbcc24c6415415e5c092a544ef0661568ae41f3619a56962,48000,4,6.0,0.0995,1.3209166666666667,2.0623125,5.6498125,5.6224791666666665,5.674708333333333,1645.9939792708249,0.0
Nikolauskapelle_Source3_BRIR/S3-Do_R8.wav,1d2aff057d2c455d1d9ea476f6abe03d8d6558f64b41157d0b074ee39af63598,48000,4,6.0,0.08079166666666666,1.3481458333333334,2.0672291666666665,5.557854166666667,5.509729166666666,5.715333333333334,1663.3984260630014,0.0
Nikolauskapelle_Source3_BRIR/S3-Do_R9.wav,9eca6eac25bc791f498977be34bfc836c76c71fccbf8e288c1ae3c1fb2a97eb9,48000,4,6.0,0.10908333333333334,1.2979166666666666,2.0194375,5.6935,5.699229166666667,5.823916666666666,1671.3853780335803,0.0
